Nanomaterial,Shape,Size (nm),Cell type,Capping Agent,Cytotoxicity (mg/ml),Reference,
,,,,,,,
Gold NP,ROD,2.6 (Aspect Ratio),Hela,PEG,90%(80 pM picomolar),https://pubs.acs.org/doi/abs/10.1021/acsabm.9b00986,
Gold NP,ROD,3.2 (Aspect Ratio),Hela,PEG,>80% and <90%,https://pubs.acs.org/doi/abs/10.1021/acsabm.9b00987,
Gold NP,ROD,5.4 (Aspect Ratio),Hela,PEG,>90% and <100%,https://pubs.acs.org/doi/abs/10.1021/acsabm.9b00988,
Gold NP,ROD,11.5 (Aspect Ratio),Hela,PEG,>90% and <100%,https://pubs.acs.org/doi/abs/10.1021/acsabm.9b00989,
Gold NP,ROD,2.6 (Aspect Ratio),Hela,CTAB,>0% and <10%,https://pubs.acs.org/doi/abs/10.1021/acsabm.9b00990,
Gold NP,ROD,3.2 (Aspect Ratio),Hela,CTAB,50%,https://pubs.acs.org/doi/abs/10.1021/acsabm.9b00991,
Gold NP,ROD,5.4 (Aspect Ratio),Hela,CTAB,>0% and <10%,https://pubs.acs.org/doi/abs/10.1021/acsabm.9b00992,
Gold NP,ROD,11.5 (Aspect Ratio),Hela,CTAB,60%,https://pubs.acs.org/doi/abs/10.1021/acsabm.9b00993,
Gold NP,Sphere,3nm,Hela,Citrate,65 ± 5 mg/ml,https://www.tandfonline.com/loi/gtec20,
Gold NP,Sphere,5nm,Hela,Citrate,182 ± 4 mg/ml,https://www.tandfonline.com/loi/gtec21,
Gold NP,Sphere,6nm,Hela,Citrate,198 ± 4 mg/ml,https://www.tandfonline.com/loi/gtec22,
Gold NP,Sphere,8nm,Hela,Citrate,78 ± 4 mg/ml,https://www.tandfonline.com/loi/gtec23,
Gold NP,Sphere,10nm,Hela,Citrate,216 ± 6 mg/ml,https://www.tandfonline.com/loi/gtec24,
Gold NP,Sphere,17nm,Hela,Citrate,287 ± 6 mg/ml,https://www.tandfonline.com/loi/gtec25,
Gold NP,Sphere,30nm,Hela,Citrate,57 ± 2 mg/ml,https://www.tandfonline.com/loi/gtec26,
Gold NP,Sphere,45nm,Hela,Citrate,192 ± 4 mg/ml,https://www.tandfonline.com/loi/gtec27,
Gold NP,Sphere,50nm,Hela,Radiation Sensitizers, 7 particles/ml,https://www.jstor.org/stable/pdf/40605584.pdf?refreqid=fastly-default%3Afc889048c1eff9553dd41759b2cc4c0d&ab_segments=0%2Fbasic_search_gsv2%2Fcontrol&origin=&initiator=&acceptTC=1,
Gold NP,Sphere,14 nm,Hela,Radiation Sensitizers, 7 particles/ml,https://www.jstor.org/stable/pdf/40605584.pdf?refreqid=fastly-default%3Afc889048c1eff9553dd41759b2cc4c0d&ab_segments=0%2Fbasic_search_gsv2%2Fcontrol&origin=&initiator=&acceptTC=1,
Gold NP,Sphere,74nm,Hela,Radiation Sensitizers, 7 particles/ml,https://www.jstor.org/stable/pdf/40605584.pdf?refreqid=fastly-default%3Afc889048c1eff9553dd41759b2cc4c0d&ab_segments=0%2Fbasic_search_gsv2%2Fcontrol&origin=&initiator=&acceptTC=1,
Gold NP,Sphere,3.6 nm,Hela,PEG,25 nM,https://jstor.org/stable/pdf/26506331.pdf?refreqid=fastly-default%3Af813d55e59a4ffcfcee8770af1da56a4&ab_segments=0%2Fbasic_search_gsv2%2Fcontrol&origin=&initiator=&acceptTC=1,
Gold NP,Sphere,3.6 nm,Hela,PEG,25 nM,https://jstor.org/stable/pdf/26506331.pdf?refreqid=fastly-default%3Af813d55e59a4ffcfcee8770af1da56a4&ab_segments=0%2Fbasic_search_gsv2%2Fcontrol&origin=&initiator=&acceptTC=1,
Gold NP,Sphere,3–10 nm,Hela,chitosan (CH),75 µM- 85% cell viability loss,https://www.tandfonline.com/doi/full/10.2147/IJN.S165289,
Gold NP,Sphere,3–10 nm,Hela,chitosan (CH),150 - 100% cell viability loss,https://www.tandfonline.com/doi/full/10.2147/IJN.S165289,
Gold NP,Sphere,10-20nm,Hela,Pongamia pinnata extract,50 mg/ml,https://link.springer.com/article/10.1007/s10876-019-01742-1,
Gold NP,Sphere,10-20nm,Hela,Pongamia pinnata extract,50 mg/ml,https://link.springer.com/article/10.1007/s10876-019-01742-1,
Gold NP,Sphere,10-20nm,Hela,Pongamia pinnata extract,75 mg/ml,https://link.springer.com/article/10.1007/s10876-019-01742-1,
Gold NP,Sphere,10-20nm,Hela,Pongamia pinnata extract,100 mg/ml,https://link.springer.com/article/10.1007/s10876-019-01742-1,
Gold NP,Sphere,10-20nm,Hela,Pongamia pinnata extract,100 mg/ml,https://link.springer.com/article/10.1007/s10876-019-01742-1,
Gold NP,Sphere,10-20nm,Hela,Pongamia pinnata extract,100 mg/ml,https://link.springer.com/article/10.1007/s10876-019-01742-1,
Gold NP,Sphere,10-20nm,Hela,Pongamia pinnata extract,100 mg/ml,https://link.springer.com/article/10.1007/s10876-019-01742-1,
Gold NP,Sphere,10-20nm,Hela,Pongamia pinnata extract,100 mg/ml,https://link.springer.com/article/10.1007/s10876-019-01742-1,
Gold NP,Sphere,10-20nm,Hela,Pongamia pinnata extract,100 mg/ml,https://link.springer.com/article/10.1007/s10876-019-01742-1,
Gold NP,Sphere,10-20nm,Hela,Pongamia pinnata extract,100 mg/ml,https://link.springer.com/article/10.1007/s10876-019-01742-1,
Gold NP,Sphere,110.1 ± 5.3 nm,Hela,polyethylene glycol (PEG),25.37 µM,https://www.ncbi.nlm.nih.gov/pmc/articles/PMC8150271/#B21-ijms-22-05072,
Gold NP,Sphere,97.1 ± 2.5 nm,Hela,polyethylene glycol (PEG),6.51 µM,https://www.ncbi.nlm.nih.gov/pmc/articles/PMC8150271/#B21-ijms-22-05073,
Gold NP,Sphere,147.2 ± 4.7 nm,Hela,poly-L-lysine-graft-polyethylene glycol (PLL-g-PEG),23.64 µM,https://www.ncbi.nlm.nih.gov/pmc/articles/PMC8150271/#B21-ijms-22-05074,
Gold NP,Sphere,119.2 ± 3.5 nm,Hela,poly-L-lysine-graft-polyethylene glycol (PLL-g-PEG),3.26 µM,https://www.ncbi.nlm.nih.gov/pmc/articles/PMC8150271/#B21-ijms-22-05075,
Gold NP,Sphere,97.1 ± 2.5 nm,HEK,polyethylene glycol (PEG),32.4 μM,https://www.ncbi.nlm.nih.gov/pmc/articles/PMC8150271/#B21-ijms-22-05076,
Gold NP,Sphere,119.2 ± 3.5 nm,HEK,poly-L-lysine-graft-polyethylene glycol (PLL-g-PEG),80 μM,https://www.ncbi.nlm.nih.gov/pmc/articles/PMC8150271/#B21-ijms-22-05077,
Gold NP,SPHERE,43 NM,Hela,PEG,19μM,https://www.hindawi.com/journals/jnm/2019/7518482/,
Gold NP,ROD,17.2 × 37.8 nm,Hela,Citrate,9.4μM,https://www.hindawi.com/journals/jnm/2019/7518482/,
Gold NP,SPHERE,14nm,HEK,Citrate,>100 μg/mL,https://link.springer.com/article/10.1186/1743-8977-10-50,
Gold NP,SPHERE,14nm,HEK,Citrate,>100 μg/mL,https://link.springer.com/article/10.1186/1743-8977-10-50,
Gold NP,SPHERE,14nm,HEK,Citrate,>100 μg/mL,https://link.springer.com/article/10.1186/1743-8977-10-51,
Gold NP,SPHERE,14nm,HEK,Citrate,>100 μg/mL,https://link.springer.com/article/10.1186/1743-8977-10-52,
Gold NP,SPHERE,20nm,HEK,Citrate,>100 μg/mL,https://link.springer.com/article/10.1186/1743-8977-10-53,
Gold NP,SPHERE,20nm,HEK,Citrate,>100 μg/mL,https://link.springer.com/article/10.1186/1743-8977-10-54,
Gold NP,SPHERE,20nm,HEK,Citrate,>100 μg/mL,https://link.springer.com/article/10.1186/1743-8977-10-55,
Gold NP,SPHERE,20nm,HEK,Citrate,>100 μg/mL,https://link.springer.com/article/10.1186/1743-8977-10-56,
Gold NP,SPHERE,14nm,hela,Citrate,5 μM,https://sci-hub.ru/10.1080/17435390.2019.1621398,
Gold NP,SPHERE,14nm,hela,Citrate,5 μM,https://sci-hub.ru/10.1080/17435390.2019.1621398,
Gold NP,SPHERE,14nm,hela,MUA-capped,5 μM,https://sci-hub.ru/10.1080/17435390.2019.1621398,
Gold NP,SPHERE,14nm,hela,MUA-capped,5 μM,https://sci-hub.ru/10.1080/17435390.2019.1621398,
Gold NP,SPHERE,50nm,hela,citrate,40 μM,https://sci-hub.ru/10.1080/17435390.2019.1621398,
Gold NP,SPHERE,50nm,hela,citrate,40 μM,https://sci-hub.ru/10.1080/17435390.2019.1621398,
Gold NP,SPHERE,50nm,hela,MUA-capped,40 μM,https://sci-hub.ru/10.1080/17435390.2019.1621398,
Gold NP,SPHERE,50nm,hela,MUA-capped,40 μM,https://sci-hub.ru/10.1080/17435390.2019.1621398,
Gold NP,SPHERE,15nm,Hela,Citrate,0.42mg/ml,https://www.mdpi.com/2624-8549/4/2/26                        https://www.frontiersin.org/articles/10.3389/fphar.2021.664123/full,
Gold NP,SPHERE,15nm,Hela,PEG,1.02mg/ml,https://www.mdpi.com/2624-8549/4/2/26                        https://www.frontiersin.org/articles/10.3389/fphar.2021.664123/full,
Gold NP,ROD,25nm,Hela,Citrate,0.32mg/ml,https://www.mdpi.com/2624-8549/4/2/26                        https://www.frontiersin.org/articles/10.3389/fphar.2021.664123/full,
Gold NP,ROD,25nm,Hela,PEG,0.78mg/ml,https://www.mdpi.com/2624-8549/4/2/26                        https://www.frontiersin.org/articles/10.3389/fphar.2021.664123/full,
Gold NP,SPHERE,50nm,Hela,CTAB,0.1 μg/mL,https://academic.oup.com/toxres/article/4/4/796/5573540,
Gold NP,ROD, 10x45nm,Hela,CTAB,0.3 μg/mL,https://academic.oup.com/toxres/article/4/4/796/5573540,
Gold NP,CUBE,50nm,Hela,CTAB,0.6 μg/mL,https://academic.oup.com/toxres/article/4/4/796/5573540,
Gold NP,CUBE,43nm,Hela,CTAB,1.5 μg/mL,https://www.tandfonline.com/doi/full/10.3109/17435390.2010.528847,
Gold NP,ROD,39nm,Hela,CTAB,16 μg/mL,https://www.tandfonline.com/doi/full/10.3109/17435390.2010.528847,
Gold NP,SPHERE,100nm,Hela,4-aminothiphenol and cysteamine,19μM,"https://pubmed.ncbi.nlm.nih.gov/28414162/#:~:text=Our%20results%20shown%2C%20the%20viability,M%2C%20while%20in%20the%20cases",
Gold NP,ROD,100nm,Hela,4-aminothiphenol and cysteamine,300μM,"https://pubmed.ncbi.nlm.nih.gov/28414162/#:~:text=Our%20results%20shown%2C%20the%20viability,M%2C%20while%20in%20the%20cases",
Gold NP,SPHERE,10nm,Hela and HEK,PVP,>300μM,https://link.springer.com/article/10.1007/s10856-017-5902-y,
Gold NP,flower,370nm,Hela and HEK,PVP,100-200μM,https://link.springer.com/article/10.1007/s10856-017-5902-y,
Gold NP,ROD,41nm,Hela and HEK,PVP,10-20μM,https://link.springer.com/article/10.1007/s10856-017-5902-y,
Gold NP,prism,160nm,Hela and HEK,PVP,10-20μM,https://link.springer.com/article/10.1007/s10856-017-5902-y,
Gold NP,stars,240nm,Hela and HEK,PVP,10-20μM,https://link.springer.com/article/10.1007/s10856-017-5902-y,
Gold NP,SPHERE,43 NM,Hela,spinach extract,19μM,https://www.hindawi.com/journals/jnm/2019/7518482/,
Gold NP,SPHERE,44 NM,Hela,spinach extract,19μM ,https://www.hindawi.com/journals/jnm/2019/7518482/,
Gold NP,SPHERE,45 NM,Hela,spinach extract,19μM,https://www.hindawi.com/journals/jnm/2019/7518482/,
Gold NP,SPHERE,46 NM,Hela,spinach extract,19μM,https://www.hindawi.com/journals/jnm/2019/7518482/,
Gold NP,ROD,17.2 × 37.8 nm,Hela,spinach extract,9.4μM,https://www.hindawi.com/journals/jnm/2019/7518482/,
Gold NP,ROD,17.2 × 37.8 nm,Hela,spinach extract,9.4μM,https://www.hindawi.com/journals/jnm/2019/7518482/,
Gold NP,ROD,17.2 × 37.8 nm,Hela,spinach extract,9.4μM,https://www.hindawi.com/journals/jnm/2019/7518482/,
Gold NP,SPHERE,"8.7 ± 1.7 nm,",Hela,Chitosan ,127.1 μM ,https://link.springer.com/article/10.1186/s11671-019-2967-1,
Gold NP,SPHERE,"8.7 ± 1.7 nm,",Hela,Chitosan ,127.1 μM ,https://link.springer.com/article/10.1186/s11671-019-2967-1,
Gold NP,nanostars.,99.0 ± 47.0 nm.,Hela,Chitosan ,81.8 μM,https://link.springer.com/article/10.1186/s11671-019-2967-1,
Gold NP,nanostars.,99.0 ± 47.0 nm.,Hela,Chitosan ,81.8 μM,https://link.springer.com/article/10.1186/s11671-019-2967-1,
Gold NP,Nano ROD,60.4 nm and 16.4 nm,Hela,Chitosan ,8 μM,https://link.springer.com/article/10.1186/s11671-019-2967-1,
Gold NP,Nano ROD,60.4 nm and 16.4 nm,Hela,Chitosan ,8 μM,https://link.springer.com/article/10.1186/s11671-019-2967-1,
Gold NP,SPHERE,14 nm,Hela,MUAcapped,5 μM,https://sci-hub.ru/10.1080/17435390.2019.1621398,
Gold NP,SPHERE,15 nm,Hela,MUAcapped,5 μM,https://sci-hub.ru/10.1080/17435390.2019.1621398,
Gold NP,nanostars,50 nm,Hela,MUAcapped,5 μM,https://sci-hub.ru/10.1080/17435390.2019.1621398,
Gold NP,nanostars,51 nm,Hela,MUAcapped,5 μM,https://sci-hub.ru/10.1080/17435390.2019.1621398,
Gold NP,ROD,30nm X 80nm,Hela,CTAB,10^9 grain/g,https://sci-hub.ru/10.1166/jnn.2011.3094,
Gold NP,ROD,30nm X 80nm,Hela,CTAB,10^9 grain/g,https://www.sciencedirect.com/science/article/pii/S1549963419300152#bb0305,
Gold NP,CUBE,50nm,Hela,CTAB,10^8grain/g,https://www.sciencedirect.com/science/article/pii/S1549963419300152#bb0305,
Gold NP,CUBE,50nm,Hela,CTAB,10^8grain/g,https://www.sciencedirect.com/science/article/pii/S1549963419300152#bb0305,
Gold NP,SPHERE,40 nm diameter,Hela,CTAB,5×10^8–10^9 grain/g,https://www.sciencedirect.com/science/article/pii/S1549963419300152#bb0305,
Gold NP,SPHERE,41 nm diameter,Hela,CTAB,5×10^8–10^9 grain/g,https://www.sciencedirect.com/science/article/pii/S1549963419300152#bb0305,
Silver NP,SPHERE,429.45 nm,Hek,Rhizophora apiculata,2.5 μL/mL,https://www.tandfonline.com/doi/epdf/10.2147/IJN.S289008?needAccess=true,
Silver NP,SPHERE,429.45 nm,HeLa,Rhizophora apiculata,2.5 μL/mL,https://www.tandfonline.com/doi/epdf/10.2147/IJN.S289008?needAccess=true,
Silver NP,SPHERE,100nm,Hek ,Rhizophora apiculata,0.5  μg/mL.,https://www.tandfonline.com/doi/epdf/10.2147/IJN.S289008?needAccess=true,
Silver NP,SPHERE,429.45nm,Hek ,Rhizophora apiculata,1.25  μg/mL.,https://www.tandfonline.com/doi/epdf/10.2147/IJN.S289008?needAccess=true,
Silver NP,SPHERE,100nm,hela ,Rhizophora apiculata,1.94  μg/mL.,https://www.tandfonline.com/doi/epdf/10.2147/IJN.S289008?needAccess=true,
Silver NP,SPHERE,10-18nm,Hek,Aqueous extract of moringa oleifera,100 μg/mL.,https://sci-hub.ru/10.1002/slct.202001230,
Silver NP,SPHERE,10-18nm,Hek,Aqueous extract of moringa oleifera,400 μg/mL,https://sci-hub.ru/10.1002/slct.202001230,
Silver NP,SPHERE,10-18nm,Hela,Aqueous extract of moringa oleifera,100 μg/mL.,https://sci-hub.ru/10.1002/slct.202001230,
Silver NP,SPHERE,10-18nm,Hela,Aqueous extract of moringa oleifera,400 μg/mL.,https://sci-hub.ru/10.1002/slct.202001230,
Silver NP,SPHERE,15-45nm,Hela,Aqueous extract of moringa oleifera,100 μg/mL.,https://www.sciencedirect.com/science/article/abs/pii/S0022286021020834,
Silver NP,SPHERE,15-45nm,Hela,Aqueous extract of moringa oleifera,100 μg/mL.,https://www.sciencedirect.com/science/article/abs/pii/S0022286021020834,
Silver NP,SPHERE,2-5nm,Hela,Aqueous extract of moringa oleifera,60 μg/mL.,https://www.tandfonline.com/doi/epdf/10.2147/NSA.S78134?needAccess=true,
Silver NP,SPHERE,10nm,Hela,Aqueous extract of moringa oleifera,10 μg/mL.,https://www.tandfonline.com/doi/epdf/10.2147/NSA.S78134?needAccess=true,
Silver NP,SPHERE,50nm,Hela,Aqueous extract of moringa oleifera,20 μg/mL.,https://www.tandfonline.com/doi/epdf/10.2147/NSA.S78134?needAccess=true,
Silver NP,SPHERE,30±5nm,Hela,Glucose,2×10^4 AgNPs-G/cell.,https://sci-hub.ru/10.1016/j.tiv.2017.02.014,
Silver NP,SPHERE,5nm,Hela,95.6% (Citrate),8.6 mg/ml,https://pubs.acs.org/doi/10.1021/acs.jmedchem.0c01055,
Silver NP,SPHERE,20nm,Hela,88.4% (Citrate),10.2 mg/ml,https://pubs.acs.org/doi/10.1021/acs.jmedchem.0c01055,
Silver NP,SPHERE,50nm,Hela,81.2% (Citrate),11.8 mg/ml,Nanotoxic Effects of Silver Nanoparticles on Normal HEK-293 Cells in Comparison to Cancerous HeLa Cell Line. - Abstract - Europe PMC,
Silver NP,SPHERE,100nm,Hela,74.8% (Citrate),13.4 mg/ml,"Green synthesis of silver nanoparticles: methods, biological applications, delivery and toxicity - Materials Advances (RSC Publishing)",
Silver NP,SPHERE,5nm,HEK,42.2% (CTAB),15.6 mg/ml,"Green synthesis of silver nanoparticles: methods, biological applications, delivery and toxicity - Materials Advances (RSC Publishing)",
Silver NP,SPHERE,20nm,HEK,38.0% (CTAB),17.4 mg/ml,"Green synthesis of silver nanoparticles: methods, biological applications, delivery and toxicity - Materials Advances (RSC Publishing)",
Silver NP,SPHERE,50nm,HEK,35.6 % (CTAB),19 mg/ml,"Green synthesis of silver nanoparticles: methods, biological applications, delivery and toxicity - Materials Advances (RSC Publishing)",
Silver NP,SPHERE,100nm,HEK,32.4 % (CTAB),20.8 mg/ml,"Green synthesis of silver nanoparticles: methods, biological applications, delivery and toxicity - Materials Advances (RSC Publishing)",
Silver NP,SPHERE,10nm ,Hela,Citrate,50 μg/mL.,https://particleandfibretoxicology.biomedcentral.com/articles/10.1186/1743-8977-11-11,
Silver NP,SPHERE,10 nm ,Hela,PVP,50 μg/mL.,https://particleandfibretoxicology.biomedcentral.com/articles/10.1186/1743-8977-11-12,
Silver NP,SPHERE,40 nm ,Hela,Citrate,50 μg/mL.,https://particleandfibretoxicology.biomedcentral.com/articles/10.1186/1743-8977-11-13,
Silver NP,SPHERE,75nm,Hela,Citrate,50 μg/mL.,https://particleandfibretoxicology.biomedcentral.com/articles/10.1186/1743-8977-11-14,
Silver NP,SPHERE,50 nm,Hela,uncoated,10 μg/mL.,https://particleandfibretoxicology.biomedcentral.com/articles/10.1186/1743-8977-11-15,
Silver NP,SPHERE,63±8 nm,Hela,phenolic  and flavonoid ,LD50 0.3923 µg/ml,https://pubmed.ncbi.nlm.nih.gov/31713490/,
Silver NP,SPHERE,22.1 nm,Hela,Lipoic Acid,40 μg/mL,https://www.ncbi.nlm.nih.gov/pmc/articles/PMC5069413/,
Silver NP,SPHERE,30.3 nm,Hela,mPEG 5 kDa,20 μg/mL,https://www.ncbi.nlm.nih.gov/pmc/articles/PMC5069413/,
Silver NP,SPHERE,16.1 nm,Hela,Tannic Acid,10 μg/mL,https://www.ncbi.nlm.nih.gov/pmc/articles/PMC5069413/,
Silver NP,SPHERE,18.6 nm,Hela,UC(uncapped),10 μg/mL,https://www.ncbi.nlm.nih.gov/pmc/articles/PMC5069413/,
Silver NP,SPHERE,40nm,hela,PEG,25-50  μg/mL.,https://www.ncbi.nlm.nih.gov/pmc/articles/PMC7415816/,
Silver NP,Cubic,35nm,hela,PEG,0-100  μg/mL.,https://www.ncbi.nlm.nih.gov/pmc/articles/PMC7415816/,
Silver NP,SPHERE,100nm,HEK,PEG,0.5  μg/mL.,https://www.tandfonline.com/doi/full/10.2147/IJN.S289008,
Silver NP,SPHERE,100nm,hela,PEG,1.25  μg/mL.,https://www.tandfonline.com/doi/full/10.2147/IJN.S289009,
Silver NP,SPHERE,45nm,hek,PEG,                6.05  μg/mL.,"https://www.sciencedirect.com/science/article/pii/S246822762200271X
",
Silver NP,SPHERE,45nm,hela,PEG,17.48  μg/mL.,"https://www.sciencedirect.com/science/article/pii/S246822762200271X
",
Silver NP,spindle shape,60 nm,HEK,PEG,40 μg/mL,https://pubs.acs.org/doi/full/10.1021/acsomega.8b00608,
Silver NP,single-walled nanotubes (SWCNTs),50 nm,HEK,PEG,"100 μg/mL,",https://www.mdpi.com/2079-4991/9/7/969,
Silver NP,SPHERE,20-60nm,HEK,PVP,6.25 μg/mL,"Synthesis of silver nanoparticles, influence of capping agents, and dependence on size and shape: A review - ScienceDirect",
Silver NP,Platelet,20-60nm,HEK,PVP,6.25 μg/mL,"Synthesis of silver nanoparticles, influence of capping agents, and dependence on size and shape: A review - ScienceDirect",
Silver NP,CUBE,20-60nm,HEK,PVP,6.25 μg/mL,"Synthesis of silver nanoparticles, influence of capping agents, and dependence on size and shape: A review - ScienceDirect",
Silver NP,ROD,20-60nm,HEK,PVP,6.25 μg/mL,"Synthesis of silver nanoparticles, influence of capping agents, and dependence on size and shape: A review - ScienceDirect",
SiO2,bell-shaped,70 nm,HeLa ,Citrate,50 μg/mL,https://www.tandfonline.com/doi/epdf/10.2147/IJN.S276105?needAccess=true,
SiO2,bell-shaped,200 nm,HeLa ,Citrate,50 μg/mL,https://www.tandfonline.com/doi/epdf/10.2147/IJN.S276105?needAccess=true,
SiO2,bell-shaped,500 nm,HeLa ,Citrate,50 μg/mL,https://www.tandfonline.com/doi/epdf/10.2147/IJN.S276105?needAccess=true,
SiO2,bell-shaped,10nm, HEK,Citrate,0.0001−5 mg/mL,https://www.tandfonline.com/doi/epdf/10.2147/IJN.S276105?needAccess=true,
SiO2,bell-shaped,30nm, HEK,Citrate,0.0001−5 mg/mL,https://www.tandfonline.com/doi/epdf/10.2147/IJN.S276105?needAccess=true,
SiO2,bell-shaped,100nm, HEK,Citrate,0.0001−5 mg/mL,https://www.tandfonline.com/doi/epdf/10.2147/IJN.S276105?needAccess=true,
SiO2,bell-shaped,400nm, HEK,Citrate,0.0001−5 mg/mL,https://www.tandfonline.com/doi/epdf/10.2147/IJN.S276105?needAccess=true,
SiO2,bell-shaped,1500 nm, HEK,Citrate,0.0001−5 mg/mL,https://www.tandfonline.com/doi/epdf/10.2147/IJN.S276105?needAccess=true,
CuS NP,N/A,0.83 (Aspect Ratio),Hela,Alanine,0.06 μg/ml,Analytical Biochemistry | Journal | ScienceDirect.com by Elsevier,
CuS NP,N/A,1.10 (Aspect Ratio),Hela,Alanine,0.11 μg/ml,Analytical Biochemistry | Journal | ScienceDirect.com by Elsevier,
CuS NP,N/A,1.40 (Aspect Ratio),Hela,Alanine,0.2 μg/ml,Analytical Biochemistry | Journal | ScienceDirect.com by Elsevier,
ZnS NP,SPHERE,4nm,HEK,Citrate,4.75mM,"Cytotoxicity of nanoparticles - Are the size and shape only matters? or the media parameters too?: a study on band engineered ZnS nanoparticles and calculations based on equivolume stress model: Nanotoxicology: Vol 13, No 8 (tandfonline.com)",
ZnS NP,SPHERE,10nm,HEK,Citrate,2.75mM,"Cytotoxicity of nanoparticles - Are the size and shape only matters? or the media parameters too?: a study on band engineered ZnS nanoparticles and calculations based on equivolume stress model: Nanotoxicology: Vol 13, No 8 (tandfonline.com)",
ZnS NP,SPHERE,25nm,HEK,Citrate,<2.5mM,"Cytotoxicity of nanoparticles - Are the size and shape only matters? or the media parameters too?: a study on band engineered ZnS nanoparticles and calculations based on equivolume stress model: Nanotoxicology: Vol 13, No 8 (tandfonline.com)",
ZnO NP,SPHERE,27.3nm,Hela,Citrate, 30.05 μg/mL,https://www.sciencedirect.com/science/article/pii/S246822762200271X,
ZnO NP,SPHERE,27.3nm,HEK,Citrate,33.25 μg/mL,https://www.sciencedirect.com/science/article/pii/S246822762200271X,
TiO2 NP,ROD,1-100nm,Hela,Aqueous extract of aloe vera,17.48 µg/mL (IC50),https://www.sciencedirect.com/science/article/pii/S2211715623002461,
TiO2 NP,ROD,1-100nm,Hela,Aqueous extract of aloe vera,29.73 µg/mL (IC50),https://www.sciencedirect.com/science/article/pii/S2211715623002461,
TiO2 NP,ROD,1-100nm,Hela,Aqueous extract of aloe vera,35.93 µg/mL (IC50),https://www.sciencedirect.com/science/article/pii/S2211715623002461,
TiO2 NP,ROD,1-100nm,Hela,Aqueous extract of aloe vera,31.55 µg/mL (IC50),https://www.sciencedirect.com/science/article/pii/S2211715623002461,
TiO2 NP,ROD,1-100nm,HEK,Aqueous extract of aloe vera,6.05 µg/mL (IC50),https://www.sciencedirect.com/science/article/pii/S2211715623002461,
TiO2 NP,ROD,1-100nm,HEK,Aqueous extract of aloe vera,34.27 µg/mL (IC50),https://www.sciencedirect.com/science/article/pii/S2211715623002461,
TiO2 NP,ROD,1-100nm,HEK,Aqueous extract of aloe vera,23.98 µg/mL (IC50),https://www.sciencedirect.com/science/article/pii/S2211715623002461,
TiO2 NP,ROD,1-100nm,HEK,Aqueous extract of aloe vera,27.84 µg/mL (IC50),https://www.sciencedirect.com/science/article/pii/S2211715623002461,
SeNPs,SPHERE,0 nm to 50 nm,HeLa-229 cells,SPS surface decoration,10 μM,https://www.ncbi.nlm.nih.gov/pmc/articles/PMC5901133/,
AS-Ag NPs,SPHERE,6 to 7 nm,HEK-293 and HeLa cells,UV sterilized,25 μg/mL,https://www.sciencedirect.com/science/article/pii/S1369800119304019?via%3Dihub,
Nano-TiO2 P25,crystal structure of 25% rutile and 75% anatase,21 nm,HeLa,UV sterilized,100 μg/mL(60% compared with 0 μg/mL),https://www.ncbi.nlm.nih.gov/pmc/articles/PMC7602383/,
Nano-TiO2 P26,crystal structure of 25% rutile and 75% anatase,22 nm,HeLa,UV sterilized,"500 μg/mL viability HeLa cells decreased by 80%,",https://www.ncbi.nlm.nih.gov/pmc/articles/PMC7602383/,
Nano-TiO2 P27,crystal structure of 25% rutile and 75% anatase,23 nm,HeLa,UV sterilized,50 μg/mL(No cytotoxicity),https://www.ncbi.nlm.nih.gov/pmc/articles/PMC7602383/,
Nano-TiO2 P28,crystal structure of 25% rutile and 75% anatase,24 nm,HeLa,UV sterilized,50 μg/mL cell viability decreased below 50%.,https://www.ncbi.nlm.nih.gov/pmc/articles/PMC7602383/,
AlNps,ROD shaped,6.2 ± 0.6 (long)nm,HEK,UV sterilized,20 μg/mL.,https://link.springer.com/article/10.1007/s00204-014-1332-5,
AlNps,ROD shaped,2.1 ± 0.4nm,HEK,UV sterilized,20 μg/mL.,https://link.springer.com/article/10.1007/s00204-014-1332-6,
Zno,tubes,50 mm,Hela,CNT-coated,50 μg/mL.,https://www.hindawi.com/journals/jnm/2019/7518482/,
Zno,wires,500 nm,Hela,CNT-coated,50 μg/mL.,https://www.hindawi.com/journals/jnm/2019/7518482/,
Polysterene NP,SPHERE,20 nm,Hela,CNT-coated,50  μg/mL,https://pubs.acs.org/doi/abs/10.1021/am300840p,
Polysterene NP,DISK,20 nm,Hela,CNT-coated,                                               >400  μg/mL.,https://pubs.acs.org/doi/abs/10.1021/am300840p,
Polysterene NP,SPHERE,20 nm,HEK,CNT-coated,50  μg/mL.,https://pubs.acs.org/doi/abs/10.1021/am300840p,
Polysterene NP,DISK,20 nm,HEK,CNT-coated,                                             >400  μg/mL.,https://pubs.acs.org/doi/abs/10.1021/am300840p,
Zinc Oxide NP,ROD,100-200nm,Hek,CNT-coated,50  μg/mL.,"https://pubmed.ncbi.nlm.nih.gov/21140179/#:~:text=Among%20all%20the%20nanostructures%2C%20nanoparticles,cells%20at%20all%20effective%20concentrations",
Zinc Oxide NP,flowers,100-200nm,Hek,CNT-coated,100  μg/mL.,"https://pubmed.ncbi.nlm.nih.gov/21140179/#:~:text=Among%20all%20the%20nanostructures%2C%20nanoparticles,cells%20at%20all%20effective%20concentrations",
Zinc Oxide NP,ROD,100-200nm,Hela,CNT-coated,25  μg/mL.,"https://pubmed.ncbi.nlm.nih.gov/21140179/#:~:text=Among%20all%20the%20nanostructures%2C%20nanoparticles,cells%20at%20all%20effective%20concentrations",
Zinc Oxide NP,Flowers,100-200nm,Hela,CNT-coated,50  μg/mL.,"https://pubmed.ncbi.nlm.nih.gov/21140179/#:~:text=Among%20all%20the%20nanostructures%2C%20nanoparticles,cells%20at%20all%20effective%20concentrations",
TiO2,SPHERE,10 nm,Hela,CNT-coated,74.29 ± 8.95 μg/mL,https://pubs.acs.org/doi/10.1021/acsomega.0c03759,
NPt,SPHERE,11 nm,Hela,CNT-coated,53.74 ± 2.95 ug/ml,https://pubs.acs.org/doi/10.1021/acsomega.0c03760,
Pt(acac)2,SPHERE,12 nm,Hela,CNT-coated,800.70 ± 5.0% μg/mL,https://pubs.acs.org/doi/10.1021/acsomega.0c03761,
ZnO NP,Dot,1–10 nm,Hela,CNT-coated,50 µg/mL,https://www.frontiersin.org/articles/10.3389/fphar.2020.00131/full,
ZnO NP,Dot,1–10 nm,HEk,CNT-coated,50 µg/mL,https://www.frontiersin.org/articles/10.3389/fphar.2020.00131/full,
ZnO NP,Dot,1–10 nm,HEk,CNT-coated,50 µg/mL,https://www.frontiersin.org/articles/10.3389/fphar.2020.00131/full,
Carbon NP,Dot,4-6nm,Hela,CNT-coated,180 ± 0.5 μg/mL,"Comparative In Vitro Cytotoxicity Study of Carbon Dot-Based Organometallic Nanoconjugates: Exploration of Their Cell Proliferation, Uptake, and Localization in Cancerous and Normal Cells (hindawi.com)",
Gold@Carbon NP,Dot,4-6nm,Hela,CNT-coated,150 ± 0.08 μg/mL,"Comparative In Vitro Cytotoxicity Study of Carbon Dot-Based Organometallic Nanoconjugates: Exploration of Their Cell Proliferation, Uptake, and Localization in Cancerous and Normal Cells (hindawi.com)",
Silver@Carbon NP,Dot,4-6nm,Hela,CNT-coated,50 ± 1.0 μg/mL,"Comparative In Vitro Cytotoxicity Study of Carbon Dot-Based Organometallic Nanoconjugates: Exploration of Their Cell Proliferation, Uptake, and Localization in Cancerous and Normal Cells (hindawi.com)",
ZnS,Dot,3.60 ± 0.12 nm,Hela ,CNT-coated,1.8 mg/ml,https://link.springer.com/article/10.1007/s11051-018-4281-8,
ZnSe@ZnS,Dot,4.80 ± 0.20 nm,Hela ,CNT-coated,3.8 mg/ml,https://link.springer.com/article/10.1007/s11051-018-4281-9,
ZnS,Dot,3.60 ± 0.12 nm,HEK,CNT-coated,2.6 mg/ml,https://link.springer.com/article/10.1007/s11051-018-4281-10,
ZnSe@ZnS,Dot,4.80 ± 0.20 nm,HEK,CNT-coated,4.5 mg/ml,https://link.springer.com/article/10.1007/s11051-018-4281-11,
TGA/TGH CdTe QDs,Dot,3.8 nm,HeLa,CNT-coated,45 μg/ml,https://pubs.rsc.org/en/content/articlehtml/2019/ra/c9ra00022d,
GQDs,Dot,<5 nM,HEK,CNT-coated,0.289 µg/mL,https://www.tandfonline.com/doi/full/10.2147/IJN.S195333,
G NP,Dot,10 nm,HEK,CNT-coated,0.676 µg/mL,https://www.tandfonline.com/doi/full/10.2147/IJN.S195334,
G NP,Dot,25 nm,HEK,CNT-coated,0.805 µg/mL,https://www.tandfonline.com/doi/full/10.2147/IJN.S195335,
G NP,Dot,50 nm,HEK,CNT-coated,1.32 µg/mL,https://www.tandfonline.com/doi/full/10.2147/IJN.S195336,
"Gold nm
",SPHERE,10nm,Hela,CTAB,50 μg/ml,https://pubs.rsc.org/en/content/articlehtml/2013/nr/c3nr01550e,
"Gold nm
",SPHERE,30nm,Hela,CTAB,25 μg/ml,https://pubs.rsc.org/en/content/articlehtml/2013/nr/c3nr01550e,
"Gold nm
",SPHERE,3.7 nm,Hela,PEG and MPA,0.08-100 µM,https://journals.sagepub.com/doi/full/10.1177/1091581819863130,
"Gold nm
",SPHERE,89.3 nm,hek ,bacitracin,2.5 nM,https://journals.sagepub.com/doi/full/10.1177/1091581819863130,
"Gold nm
",ROD,65 × 11 nm,HELA,CTAB,0.5 mM,https://sci-hub.se/https://pubs.acs.org/doi/abs/10.1021/ar800035u,
"Gold nm
",SPHERE,18 nm,HELA,CTAB,0.5 mM,https://sci-hub.se/https://pubs.acs.org/doi/abs/10.1021/ar800035u,
"Gold nm
",ROD,40 nm,HELA,CTAB,15 µg/mL,https://www.ncbi.nlm.nih.gov/pmc/articles/PMC8343815/,
"Gold nm
",SPHERE,40 nm,HELA,CTAB,15 µg/mL,https://www.ncbi.nlm.nih.gov/pmc/articles/PMC8343815/,
"Gold nm
",SPHERE,1–100 nm, hela and hek,C.tora,12.5 µg/ml,https://www.mdpi.com/2079-4991/12/7/1102,
"Gold nm
",SPHERE,1–100 nm, hela and hek,C.tora,10 µg/ml,https://www.mdpi.com/2079-4991/12/7/1102,
"Gold nm
",OVAL,1–100 nm,hela and hek,C.tora,12.5 µg/ml,https://www.mdpi.com/2079-4991/12/7/1102,
"Gold nm
",OVAL,1–100 nm,hela and hek,C.tora,10 µg/ml,https://www.mdpi.com/2079-4991/12/7/1103,
"Gold nm
",cylindrical,150–200 nm,hela,CTAB,larger than 1 μM,https://sci-hub.se/https://onlinelibrary.wiley.com/doi/abs/10.1002/smll.201100001,
"Gold nm
",ROD,150–200 nm,hela,CTAB,larger than 1 μM,https://sci-hub.se/https://onlinelibrary.wiley.com/doi/abs/10.1002/smll.201100002,0
"Gold nm
",hexagons,1–10 nm,hela,PVP,30 ± 5 g/mL,https://www.mdpi.com/1420-3049/26/21/6389,
"Gold nm
",belts,1–10 nm,hela,PVP,30 ± 5 g/mL,https://www.mdpi.com/1420-3049/26/21/6390,
"Gold nm
",ROD,1–10 nm,hela,PVP,30 ± 5 g/mL,https://www.mdpi.com/1420-3049/26/21/6391,
"Gold nm
",triangles,1–10 nm,hela,PVP,30 ± 5 g/mL,https://www.mdpi.com/1420-3049/26/21/6392,
"Gold nm
",octahedron,1–10 nm,hela,PVP,30 ± 5 g/mL,https://www.mdpi.com/1420-3049/26/21/6393,
"Gold nm
",dumbbells,1–10 nm,hela,PVP,30 ± 5 g/mL,https://www.mdpi.com/1420-3049/26/21/6394,
silver nm,cubical,33nm,hela,PVP,0.23 ug/ml,https://iopscience.iop.org/article/10.1088/2053-1591/ac1de3/meta,
silver nm,cubical,81nm,hela,PVP,31.5 μg/ml,https://iopscience.iop.org/article/10.1088/2053-1591/ac1de3/meta,
silver nm,SPHERE,40nm,hela,PVP,31.5 μg/ml,https://iopscience.iop.org/article/10.1088/2053-1591/ac1de3/meta,
silver nm,SPHERE,>100nm,"hek, hela",PVP,0.062 μg/ml,https://iopscience.iop.org/article/10.1088/2053-1591/ac1de3/meta,
silver nm,SPHERE,>100nm,"hek, hela",PVP,1.98 μg/ml,https://iopscience.iop.org/article/10.1088/2053-1591/ac1de3/meta,
silver nm,SPHERE,442 ​nm,"hek, hela",capped with 50 ​ml of distilled water,100 ​μM,https://www.sciencedirect.com/science/article/pii/S2666086521001533#bib77,
silver nm,SPHERE,429 ​nm,"hek, hela",capped with 50 ​ml of distilled water,100 ​μM,https://www.sciencedirect.com/science/article/pii/S2666086521001533#bib78,
silver nm,SPHERE,439 ​nm,"hek, hela",capped with 50 ​ml of distilled water,100 ​μM,https://www.sciencedirect.com/science/article/pii/S2666086521001533#bib79,
silver nm,SPHERE,449 ​nm,"hek, hela",capped with 50 ​ml of distilled water,100 ​μM,https://www.sciencedirect.com/science/article/pii/S2666086521001533#bib80,
silver nm,SPHERE,431 ​nm,"hek, hela",capped with 50 ​ml of distilled water,100 ​μM,https://www.sciencedirect.com/science/article/pii/S2666086521001533#bib81,
silver nm,crystallite,11.204,"hek, hela",The kei-apple leaf extract ,1–20 μg/ml,https://iopscience.iop.org/article/10.1088/2053-1591/ace29e/meta,
silver nm,crystallite,9.743,"hek, hela",The kei-apple leaf extract ,13.8 μg/ml,https://iopscience.iop.org/article/10.1088/2053-1591/ace29e/meta,
silver nm,crystallite,9.743,"hek, hela",The kei-apple leaf extract ,13.8 μg/ml,https://iopscience.iop.org/article/10.1088/2053-1591/ace29e/meta,
silver nm,crystallite,9.743,"hek, hela",The kei-apple leaf extract ,1–20 μg/ml,https://iopscience.iop.org/article/10.1088/2053-1591/ace29e/meta,
silver nm,crystallite,9.743,"hek, hela",The kei-apple leaf extract ,13.8 μg/ml,https://iopscience.iop.org/article/10.1088/2053-1591/ace29e/meta,
silver nm,SPHERE,4 to 41 nm,hela,The kei-apple leaf extract ,31.78 ± 2.2 µg/mL,https://www.mdpi.com/2079-4991/9/7/1042,
silver nm,ROD,5 to 41 nm,hek ,The kei-apple leaf extract ,27.79 ± 2.3 µg/mL,https://www.mdpi.com/2079-4991/9/7/1043,
silver nm,triangular,6 to 41 nm,hela,The kei-apple leaf extract ,31.78 ± 2.2 µg/mL,https://www.mdpi.com/2079-4991/9/7/1044,
silver nm,triangular,55 nm,hek ,(PVP and CT), 100 µg/mL,"https://scholar.googleusercontent.com/scholar?q=cache:NZ4kvEGqzrsJ:scholar.google.com/+Effect+of++different+shapes+on+toxicity+of+nano+particles+of+silver+on+hela+and+hek+cells&hl=en&as_sdt=0,5",
silver nm,SPHERE,55 nm,hek ,(PVP and CT),100 µg/mL,"https://scholar.googleusercontent.com/scholar?q=cache:NZ4kvEGqzrsJ:scholar.google.com/+Effect+of++different+shapes+on+toxicity+of+nano+particles+of+silver+on+hela+and+hek+cells&hl=en&as_sdt=0,6",
silver nm,triangular,55 nm,hek ,(PVP and CT),50 µg/mL,"https://scholar.googleusercontent.com/scholar?q=cache:NZ4kvEGqzrsJ:scholar.google.com/+Effect+of++different+shapes+on+toxicity+of+nano+particles+of+silver+on+hela+and+hek+cells&hl=en&as_sdt=0,5",
silver nm,SPHERE,55 nm,hek ,(PVP and CT),50 µg/mL,"https://scholar.googleusercontent.com/scholar?q=cache:NZ4kvEGqzrsJ:scholar.google.com/+Effect+of++different+shapes+on+toxicity+of+nano+particles+of+silver+on+hela+and+hek+cells&hl=en&as_sdt=0,6",
silver nm,ROD ,55 nm,hek ,(PVP and CT),100 µg/mL,"https://scholar.googleusercontent.com/scholar?q=cache:NZ4kvEGqzrsJ:scholar.google.com/+Effect+of++different+shapes+on+toxicity+of+nano+particles+of+silver+on+hela+and+hek+cells&hl=en&as_sdt=0,7",
silver nm,ROD ,55 nm,hek ,(PVP and CT),50 µg/mL,"https://scholar.googleusercontent.com/scholar?q=cache:NZ4kvEGqzrsJ:scholar.google.com/+Effect+of++different+shapes+on+toxicity+of+nano+particles+of+silver+on+hela+and+hek+cells&hl=en&as_sdt=0,7",
silver nm,SPHERE,26.85 nm,hela,phytochemicals,400 µg/ml,https://www.tandfonline.com/doi/full/10.1080/21691401.2021.1899193,
silver nm,SPHERE,26.85 nm,hela,phytochemicals,400 µg/ml,https://www.tandfonline.com/doi/full/10.1080/21691401.2021.1899194,
silver nm,SPHERE,80– 120 nm,hela,terpenoids,20 μg/ml,https://sci-hub.se/https://doi.org/10.2217/nnm-2016-0279,
silver nm,Cubical,78 nm,hela,terpenoids,300 μg/ml,https://sci-hub.se/https://doi.org/10.2217/nnm-2016-0280,
silver nm,SPHERE,78 nm,hela,terpenoids,300 μg/ml,https://sci-hub.se/https://doi.org/10.2217/nnm-2016-0281,
silver nm,SPHERE,14 nm,hela,terpenoids,20 μg/ml,https://sci-hub.se/https://doi.org/10.2217/nnm-2016-0282,
cu np,SPHERE,25 nm,hela,CTAB and SDS ,12.5 μg/ml,https://www.sciencedirect.com/science/article/pii/S0928493116320288,
cu np,SPHERE,70 nm,hela,CTAB and SDS ,12.5 μg/ml,https://www.sciencedirect.com/science/article/pii/S0928493116320288,
CdSe/ZnS,DOT,< 100 nm,HEK,"PEI,PEG",(∼ 10% viability),https://sci-hub.se/https://doi.org/10.1517/17425240903167934,
CdSe/ZnS,DOT,<2 nm,HEK,"PEI,PEG",(∼ 10% viability),https://sci-hub.se/https://doi.org/10.1517/17425240903167934,
CdSe/ZnS,DOT,25 – 40 nm,HEK,"PEI,PEG",(∼ 10% viability),https://sci-hub.se/https://doi.org/10.1517/17425240903167934,
cdse,DOT,31 ± 2 nm,hek,CTAB,~60 %,https://link.springer.com/article/10.1007/s11051-014-2382-6#Tab1,
cdse,DOT,32 ± 2 nm,hek,TOP,~100 %,https://link.springer.com/article/10.1007/s11051-014-2382-6#Tab2,
cdse,DOT,33 ± 2 nm,hek,DTAB,~60 %,https://link.springer.com/article/10.1007/s11051-014-2382-6#Tab3,
cdse,DOT,34 ± 2 nm,hek,TBAI,~60 %,https://link.springer.com/article/10.1007/s11051-014-2382-6#Tab4,
cdse,DOT,35 ± 2 nm,hek,SDS,~60 %,https://link.springer.com/article/10.1007/s11051-014-2382-6#Tab5,
zno,DOT,0.1 nm and 100 nm,hek,PEG-COOH,14 µg/mL,https://sci-hub.se/https://doi.org/10.1166/jbn.2011.1324,
zno,DOT,20–120 nm,hek,PEG-COOH,20 µg/mL,https://sci-hub.se/https://doi.org/10.1166/jbn.2011.1325,
graphene,DOT,475 ± 25 nm,Hela,collagen ,1 mg/mL,https://sci-hub.se/https://www.sciencedirect.com/science/article/abs/pii/S1549963421000514,
graphene,DOT,535 ± 20,HEK,collagen ,1 mg/mL,https://sci-hub.se/https://www.sciencedirect.com/science/article/abs/pii/S1549963421000514,
graphene @carbon NP,DOT,840 nm,hela,collagen ,20 µg/mL,https://sci-hub.se/https://doi.org/10.1016/j.carbon.2018.07.069 ,
graphene @carbon NP,DOT,860 nm,hela,collagen ,20 µg/mL,https://sci-hub.se/https://doi.org/10.1016/j.carbon.2018.07.070,
gold nm,ROD,"≅50 nm,≤20 nm",HeLa and HEK,CTAB,10−15 μg/mL,https://sci-hub.se/https://doi.org/10.1021/jp305021k,
gold nm,stars,"≅50 nm,≤20 nm",HeLa and HEK ,CTAB,10−15 μg/mL,https://sci-hub.se/https://doi.org/10.1021/jp305021k,
gold nm,stars,"≅50 nm,≤20 nm",HeLa and HEK,CTAB,10−15 μg/mL,https://sci-hub.se/https://doi.org/10.1021/jp305021k,
gold nm,stars,"≅50 nm,≤20 nm",HeLa and HEK,CTAB,10−15 μg/mL,https://sci-hub.se/https://doi.org/10.1021/jp305021k,
gold nm,stars,"≅50 nm,≤20 nm",HeLa and HEK ,CTAB,10−15 μg/mL,https://sci-hub.se/https://doi.org/10.1021/jp305021k,
gold nm,stars,"≅50 nm,≤20 nm",HeLa and HEK,CTAB,10−15 μg/mL,https://sci-hub.se/https://doi.org/10.1021/jp305021k,
 zwitterionic CDs,DOT,<10nm,hek ,citric acid,200 μg/mL,https://www.sciencedirect.com/science/article/pii/S0927776521001429,
,,,,,,,
,,,,,,,